{
    "vertices": [1.01906,1.5,-0.043444,0.519056,1,-0.043444,0.519056,1.5,-0.043444,0.019056,-0,-0.043444,0.019056,1,-0.043444,1.01906,-0,-0.043444,0.519056,1.5,-0.543444,1.01906,1.5,-0.543444,0.519056,-0,-1.54344,0.019056,1,-1.54344,0.019056,-0,-1.54344,0.519056,1,-1.54344,1.01906,-0,-0.543444,1.01906,0.5,-0.543444,1.01906,0.5,-1.04344,1.01906,1,-0.543444,1.01906,1,-1.04344,0.519056,0.5,-0.543444,0.519056,0.5,-1.04344,0.519056,1,-0.543444,0.519056,1,-1.04344,0.519056,-0,-0.543444],
    "name": "1Geometry",
    "uvs": [],
    "bones": [],
    "metadata": {
        "generator": "io_three",
        "normals": 15,
        "vertices": 22,
        "uvs": 0,
        "version": 3,
        "type": "Geometry",
        "bones": 0,
        "faces": 40
    },
    "faces": [32,0,1,2,0,1,2,32,1,3,4,1,3,2,32,3,1,5,3,1,4,32,5,1,0,4,1,0,32,0,6,7,0,5,6,32,6,0,2,5,0,2,32,8,9,10,7,5,8,32,9,8,11,5,7,6,32,0,12,5,0,7,4,32,12,0,13,7,0,9,32,13,0,14,9,0,10,32,14,0,15,10,0,11,32,15,0,7,11,0,6,32,16,14,15,6,10,11,32,17,14,18,7,10,9,32,14,17,13,10,7,9,32,6,1,19,5,1,12,32,1,6,2,1,5,2,32,14,20,18,10,13,9,32,20,14,16,13,10,6,32,15,20,16,11,13,6,32,20,15,19,13,11,12,32,20,9,11,13,5,6,32,9,20,4,5,13,2,32,4,20,19,2,13,12,32,4,19,1,2,12,1,32,15,6,19,11,5,12,32,6,15,7,5,11,6,32,9,3,10,5,3,8,32,3,9,4,3,5,2,32,17,8,21,7,7,14,32,8,17,18,7,7,9,32,8,18,11,7,9,6,32,11,18,20,6,9,13,32,12,17,21,7,7,14,32,17,12,13,7,7,9,32,3,8,10,3,7,8,32,8,3,21,7,3,14,32,21,3,12,14,3,7,32,12,3,5,7,3,4],
    "normals": [-0.577441,-0.577197,-0.577349,0.301492,-0.301492,-0.904508,0.577349,-0.577349,-0.577349,0.577349,0.577349,-0.577349,-0.577349,0.577349,-0.577349,0.577349,-0.577349,0.577349,-0.577349,-0.577349,0.577349,-0.577349,0.577349,0.577349,0.577349,0.577349,0.577349,-0.904508,0.301492,0.301492,-0.577349,0.57741,0.577258,-0.829859,0.3455,0.438063,0.301492,-0.904508,0.301492,-0.301492,-0.904508,0.301492,-0.301492,0.904508,0.301492]
}