{
    "name": "10Geometry",
    "normals": [0.577349,-0.577349,-0.577349,-0.577349,-0.577349,0.577349,0.577349,-0.577349,0.577349,0.577349,0.577349,-0.577349,0.57738,0.57738,0.577227,-0.904508,-0.301492,0.301492,-0.301492,-0.301492,0.904508,0.577288,0.577288,0.57741,-0.577349,0.577349,0.577349,-0.57738,0.57738,-0.577227,-0.577349,-0.577349,-0.577349],
    "faces": [32,0,1,2,0,1,2,32,1,0,3,1,0,2,32,4,0,2,0,0,2,32,0,4,5,0,0,3,32,5,4,6,3,0,4,32,4,7,8,0,1,5,32,7,4,9,1,0,6,32,10,1,3,7,1,2,32,1,10,9,1,7,6,32,9,10,7,6,7,1,32,7,10,11,1,7,8,32,10,12,11,7,9,8,32,12,10,6,9,7,4,32,6,10,5,4,7,3,32,13,12,6,3,9,4,32,4,1,9,0,1,6,32,1,4,2,1,0,2,32,0,10,3,0,7,2,32,10,0,5,7,0,3,32,12,14,15,9,0,10,32,14,12,13,0,9,3,32,14,2,16,0,2,2,32,2,14,4,2,0,0,32,4,14,6,0,0,4,32,6,14,13,4,0,3,32,12,7,11,9,1,8,32,7,12,8,1,9,5,32,8,12,17,5,9,1,32,17,12,15,1,9,10,32,2,17,16,2,1,2,32,17,2,8,1,2,5,32,8,2,4,5,2,0,32,14,17,15,0,1,10,32,17,14,16,1,0,2],
    "vertices": [1,0.5,-0.5,0.5,0.5,-0,0.5,0.5,-0.5,1,0.5,-0,0.5,1,-0.5,1,1.5,-0.5,0.5,1.5,-0.5,0,1,-0,0,1,-0.5,0.5,1,-0,1,1.5,-0,0,1.5,-0,0,1.5,-1,0.5,1.5,-1,0.5,-0,-1,0,-0,-1,0.5,-0,-0.5,0,-0,-0.5],
    "uvs": [],
    "metadata": {
        "uvs": 0,
        "generator": "io_three",
        "normals": 11,
        "version": 3,
        "vertices": 18,
        "faces": 34,
        "type": "Geometry"
    }
}