{
    "name": "11Geometry",
    "normals": [-0.577349,0.577349,0.577349,-0.904508,-0.301492,-0.301492,-0.577349,-0.577349,0.577349,-0.577349,0.577349,-0.577349,-0.577349,-0.577349,-0.577349,-0.301492,-0.301492,-0.904508,0.577349,-0.577349,-0.577349,0.577349,0.577349,-0.577349,0.904508,-0.301492,0.301492,0.577349,-0.577349,0.577349,0.577349,0.577349,0.577349,0.301492,0.904508,0.301492,0,-0.707083,0.707083],
    "faces": [32,0,1,2,0,1,2,32,1,0,3,1,0,3,32,1,3,4,1,3,4,32,5,2,1,4,2,1,32,3,6,4,3,5,4,32,6,7,8,5,6,4,32,7,6,9,6,5,7,32,9,6,3,7,5,3,32,7,10,11,6,8,9,32,10,12,13,8,10,9,32,12,10,9,10,8,7,32,9,10,7,7,8,6,32,14,3,0,10,3,0,32,3,14,15,3,10,11,32,3,15,9,3,11,7,32,9,15,12,7,11,10,32,6,1,4,5,1,4,32,1,6,16,1,5,12,32,16,6,17,12,5,9,32,16,17,10,12,9,8,32,16,10,13,12,8,9,32,12,16,13,10,12,9,32,16,12,15,12,10,11,32,18,2,5,6,2,4,32,2,18,19,2,6,9,32,10,20,11,8,2,9,32,20,10,17,2,8,9,32,6,20,17,5,2,9,32,20,6,8,2,5,4,32,14,2,19,10,2,9,32,2,14,0,2,10,0,32,18,14,19,6,10,9,32,14,18,15,10,6,11,32,15,18,16,11,6,12,32,1,18,5,1,6,4,32,18,1,16,6,1,12,32,7,20,8,6,2,4,32,20,7,11,2,6,9],
    "vertices": [0,1,-0,0,0.5,-0.5,0,0,0,0,1,-1.5,0,0.5,-1.5,0,-0,-0.5,0.5,0.5,-1.5,1,-0,-1.5,0.5,-0,-1.5,1,1,-1.5,1,0.5,-1,1,-0,-1,1,1,-0.5,1,0.5,-0.5,0.5,1,-0,0.5,1,-0.5,0.5,0.5,-0.5,0.5,0.5,-1,0.5,-0,-0.5,0.5,0,0,0.5,-0,-1],
    "uvs": [],
    "metadata": {
        "uvs": 0,
        "generator": "io_three",
        "normals": 13,
        "version": 3,
        "vertices": 21,
        "faces": 38,
        "type": "Geometry"
    }
}