{
    "name": "2.001Geometry",
    "normals": [0.301492,-0.904508,0.301492,0.577349,0.577349,0.577349,0.577349,-0.577349,0.577349,0.577349,0.577349,-0.577349,0,0.707083,0.707083,-0.577349,-0.577349,-0.577349,-0.577349,-0.577349,0.577349,0.577349,-0.577349,-0.577349,-0.577349,0.577349,-0.577349,-0.577349,0.577349,0.577349,-0.904508,0.301492,-0.301492],
    "faces": [32,0,1,2,0,1,2,32,1,0,3,1,0,3,32,3,0,4,3,0,4,32,5,0,6,5,0,6,32,0,5,7,0,5,7,32,0,7,8,0,7,2,32,2,6,0,2,6,0,32,1,9,10,1,8,9,32,9,1,3,8,1,3,32,1,6,2,1,6,2,32,6,1,10,6,1,9,32,9,6,10,8,6,9,32,6,9,11,6,8,10,32,6,11,5,6,10,5,32,5,11,12,5,10,8,32,12,7,5,8,7,5,32,7,12,13,7,8,3,32,9,4,11,8,4,10,32,4,9,3,4,8,3,32,7,14,8,7,1,2,32,14,7,13,1,7,3,32,14,0,8,1,0,2,32,0,14,4,0,1,4,32,4,12,11,4,8,10,32,12,4,13,8,4,3,32,13,4,14,3,4,1],
    "vertices": [0.5,-0,-0.5,0.5,2,-0,0.5,0,0,0.5,2,-0.5,0.5,0.5,-0.5,0,-0,-1,0,0,0,1.5,-0,-1,1.5,-0,-0.5,0,2,-0.5,0,2,-0,0,0.5,-0.5,0,0.5,-1,1.5,0.5,-1,1.5,0.5,-0.5],
    "uvs": [],
    "metadata": {
        "uvs": 0,
        "generator": "io_three",
        "normals": 11,
        "version": 3,
        "vertices": 15,
        "faces": 26,
        "type": "Geometry"
    }
}