{
    "name": "3Geometry",
    "normals": [0.577349,-0.577349,-0.577349,-0.577349,-0.577349,0.577349,-0.577349,-0.577349,-0.577349,0.577349,-0.577349,0.577349,0.577349,0.577349,0.577349,-0.577349,0.577349,0.577349,-0.577349,0.577349,-0.577349,-0.904508,-0.301492,0.301492,0.301492,0.301492,-0.904508,0.904508,-0.301492,0.301492,0.301492,0.301492,0.904508,0.577349,0.577349,-0.577349],
    "faces": [32,0,1,2,0,1,2,32,1,0,3,1,0,3,32,4,5,6,4,1,3,32,5,4,7,1,4,5,32,8,5,7,6,1,5,32,5,8,9,1,6,7,32,9,8,1,7,6,1,32,1,8,2,1,6,2,32,10,11,12,8,9,10,32,11,4,6,9,4,3,32,4,11,13,4,9,11,32,13,11,10,11,9,8,32,14,10,12,4,8,10,32,10,14,15,8,4,11,32,2,10,0,2,8,0,32,10,2,8,8,2,6,32,10,8,13,8,6,11,32,15,0,10,11,0,8,32,0,14,3,0,4,3,32,14,0,15,4,0,11,32,14,1,3,4,1,3,32,1,14,12,1,4,10,32,1,12,9,1,10,7,32,9,12,11,7,10,9,32,11,5,9,9,1,7,32,5,11,6,1,9,3,32,4,8,7,4,6,5,32,8,4,13,6,4,11],
    "vertices": [1,-0,-1,0,-0,-0.5,0,-0,-1,1,-0,-0.5,0.5,1.5,-0,0,1,-0,0.5,1,-0,0,1.5,-0,0,1.5,-1,0,1,-0.5,0.5,0.5,-1,0.5,1,-0.5,0.5,0.5,-0.5,0.5,1.5,-1,1,0.5,-0.5,1,0.5,-1],
    "uvs": [],
    "metadata": {
        "uvs": 0,
        "generator": "io_three",
        "normals": 12,
        "version": 3,
        "vertices": 16,
        "faces": 28,
        "type": "Geometry"
    }
}