{
    "name": "4Geometry",
    "normals": [0.577349,-0.577349,-0.577349,0.707083,-0.707083,0,0.577349,-0.577349,0.577349,-0.577349,0.577349,-0.577349,0.577349,0.577349,-0.577349,-0.577349,-0.577349,0.577349,-0.904508,-0.301492,0.301492,-0.577349,-0.577349,-0.577349,-0.57741,0.577288,-0.577288,0.577227,0.57738,0.57738,-0.577349,0.577349,0.577349],
    "faces": [32,0,1,2,0,1,2,32,1,0,3,1,0,3,32,3,0,4,3,0,4,32,1,5,6,1,5,6,32,5,1,7,5,1,2,32,7,1,8,2,1,0,32,0,9,10,0,5,7,32,9,0,2,5,0,2,32,11,0,10,8,0,7,32,0,11,4,0,8,4,32,12,5,7,9,5,2,32,5,12,13,5,9,10,32,12,11,13,9,8,10,32,11,12,3,8,9,3,32,3,12,14,3,9,4,32,4,11,3,4,8,3,32,11,5,13,8,5,10,32,5,11,6,5,8,6,32,6,11,9,6,8,5,32,9,11,10,5,8,7,32,8,12,7,0,9,2,32,12,8,14,9,0,4,32,3,8,1,3,0,1,32,8,3,14,0,3,4,32,1,9,2,1,5,2,32,9,1,6,5,1,6],
    "vertices": [0.5,-0,-1,0.5,0.5,-0.5,0.5,-0,-0.5,0.5,1,-0.5,0.5,1,-1,0,0.5,-0,0,0.5,-0.5,1,0.5,-0,1,0.5,-0.5,0,-0,-0.5,0,-0,-1,0,1,-1,1,1,-0,0,1,-0,1,1,-0.5],
    "uvs": [],
    "metadata": {
        "uvs": 0,
        "generator": "io_three",
        "normals": 11,
        "version": 3,
        "vertices": 15,
        "faces": 26,
        "type": "Geometry"
    }
}