{
    "name": "5Geometry",
    "normals": [0.577349,-0.577349,-0.577349,-0.577349,-0.577349,0.577349,-0.577349,-0.577349,-0.577349,0.301492,-0.904508,-0.301492,0.577349,-0.577349,0.577349,-0.577349,0.577349,0.577349,0.301492,0.904508,-0.301492,-0.577349,0.577349,-0.577349,0.577349,0.577349,0.577349,0.577349,0.577349,-0.577349],
    "faces": [32,0,1,2,0,1,2,32,1,0,3,1,0,3,32,1,3,4,1,3,4,32,4,3,5,4,3,0,32,6,7,8,5,6,7,32,7,6,9,6,5,8,32,7,9,10,6,8,9,32,11,8,7,9,7,6,32,8,0,2,7,0,2,32,0,8,11,0,7,9,32,7,5,3,6,0,3,32,5,7,10,0,6,9,32,0,7,3,0,6,3,32,7,0,11,6,0,9,32,5,9,4,0,8,4,32,9,5,10,8,0,9,32,9,1,4,8,1,4,32,1,9,6,1,8,5,32,8,1,6,7,1,5,32,1,8,2,1,7,2],
    "vertices": [0.5,-0,-1,0,0,0,0,-0,-1,0.5,-0,-0.5,1.5,0,0,1.5,-0,-0.5,0,0.5,-0,0.5,0.5,-0.5,0,0.5,-1,1.5,0.5,-0,1.5,0.5,-0.5,0.5,0.5,-1],
    "uvs": [],
    "metadata": {
        "uvs": 0,
        "generator": "io_three",
        "normals": 10,
        "version": 3,
        "vertices": 12,
        "faces": 20,
        "type": "Geometry"
    }
}