{
    "name": "6.001Geometry",
    "normals": [0.577349,0.577349,0.577349,-0.577349,-0.577349,0.577349,0.577349,-0.577349,0.577349,-0.577349,0.577349,0.577349,0.577349,-0.577349,-0.577349,0.577349,0.577349,-0.577349,-0.577349,0.577349,-0.577349,-0.577349,-0.577349,-0.577349,0.301492,-0.904508,-0.301492,0.301492,0.904508,-0.301492],
    "faces": [32,0,1,2,0,1,2,32,1,0,3,1,0,3,32,4,0,2,4,0,2,32,0,4,5,0,4,5,32,6,1,3,6,1,3,32,1,6,7,1,6,7,32,6,8,7,6,4,7,32,8,6,9,4,6,5,32,8,1,7,4,1,7,32,1,8,10,1,4,8,32,1,10,2,1,8,2,32,2,10,4,2,8,4,32,9,6,11,5,6,9,32,0,6,3,0,6,3,32,6,0,11,6,0,9,32,11,0,5,9,0,5,32,8,11,10,4,9,8,32,11,8,9,9,4,5,32,11,4,10,9,4,8,32,4,11,5,4,9,5],
    "vertices": [1.5,0.5,-0,0,0,0,1.5,0,0,0,0.5,-0,1.5,-0,-0.5,1.5,0.5,-0.5,0,0.5,-1.0625,0,-0,-1.0625,1,-0,-1.0625,1,0.5,-1.0625,1,-0,-0.5,1,0.5,-0.5],
    "uvs": [],
    "metadata": {
        "uvs": 0,
        "generator": "io_three",
        "normals": 10,
        "version": 3,
        "vertices": 12,
        "faces": 20,
        "type": "Geometry"
    }
}