{
    "name": "6Geometry",
    "normals": [0.57738,-0.577258,-0.57738,0.904508,-0.301492,0.301492,0.577349,-0.577349,0.577349,0.577349,0.577349,0.577349,0.577349,0.577349,-0.577349,-0.577288,0.57741,-0.577288,-0.577349,-0.577349,-0.577349,0.301523,0.904508,-0.301523,-0.577349,-0.577349,0.577349,-0.301492,-0.301492,0.904508,-0.577349,0.577349,0.577349,0,0.707083,0.707083],
    "faces": [32,0,1,2,0,1,2,32,1,3,4,1,3,2,32,3,1,5,3,1,4,32,5,1,0,4,1,0,32,6,0,7,5,0,6,32,0,6,8,0,5,7,32,8,6,9,7,5,4,32,5,0,8,4,0,7,32,1,10,11,1,8,9,32,10,1,4,8,1,2,32,3,10,4,3,8,2,32,10,3,12,8,3,10,32,3,13,12,3,11,10,32,13,3,8,11,3,7,32,8,3,5,7,3,4,32,8,14,13,7,3,11,32,14,8,9,3,7,4,32,14,6,15,3,5,10,32,6,14,9,5,3,4,32,1,16,2,1,8,2,32,16,1,11,8,1,9,32,16,11,15,8,9,10,32,15,11,13,10,9,11,32,15,13,14,10,11,3,32,13,10,12,11,8,10,32,10,13,11,8,11,9,32,6,16,15,5,8,10,32,16,6,7,8,5,6,32,0,16,7,0,8,6,32,16,0,2,8,0,2],
    "vertices": [1,-0,-1,1,0.5,-0.5,1,-0,-0.5,1,1,-0,1,0.5,-0,1,1,-1,0,2,-1,0,-0,-1,0.5,1,-1,0.5,2,-1,0.5,0.5,-0,0.5,0.5,-0.5,0.5,1,-0,0.5,1,-0.5,0.5,2,-0.5,0,2,-0.5,0,-0,-0.5],
    "uvs": [],
    "metadata": {
        "uvs": 0,
        "generator": "io_three",
        "normals": 12,
        "version": 3,
        "vertices": 17,
        "faces": 30,
        "type": "Geometry"
    }
}