{
    "name": "7Geometry",
    "normals": [0.577349,-0.577349,-0.577349,0.904508,-0.301492,0.301492,0.577349,-0.577349,0.577349,0.577349,0.577349,0.577349,0.577349,0.577349,-0.577349,-0.301492,0.904508,0.301492,-0.577349,0.577349,0.577349,-0.301492,0.904508,-0.301492,-0.577349,0.577349,-0.577349,-0.577349,-0.577349,0.577349,-0.577349,-0.577349,-0.577349,-0.904508,-0.301492,-0.301492],
    "faces": [32,0,1,2,0,1,2,32,1,3,4,1,3,2,32,3,1,5,3,1,4,32,5,1,0,4,1,0,32,3,6,7,3,5,6,32,6,3,8,5,3,7,32,8,3,9,7,3,8,32,9,3,5,8,3,4,32,6,10,11,5,8,6,32,10,6,8,8,5,7,32,3,12,4,3,9,2,32,12,3,7,9,3,6,32,9,0,13,8,0,10,32,0,9,5,0,8,4,32,10,14,11,8,9,6,32,14,10,15,9,8,10,32,9,16,8,8,11,7,32,16,17,18,11,9,9,32,17,16,13,9,11,10,32,13,16,9,10,11,8,32,6,14,18,5,9,9,32,14,6,11,9,5,6,32,10,16,15,8,11,10,32,16,10,8,11,8,7,32,1,17,2,1,9,2,32,17,1,18,9,1,9,32,6,12,7,5,9,6,32,12,6,18,9,5,9,32,16,14,15,11,9,10,32,14,16,18,9,11,9,32,0,17,13,0,9,10,32,17,0,2,9,0,2,32,1,12,18,1,9,9,32,12,1,4,9,1,2],
    "vertices": [1,-0,-1.5,1,0.5,-0.5,1,-0,-0.5,1,1,-0,1,0.5,-0,1,1,-1.5,0.5,1,-0.5,0.5,1,-0,0.5,1,-1,0.5,1,-1.5,0,1,-1,0,1,-0.5,0.5,0.5,-0,0.5,-0,-1.5,0,0.5,-0.5,0,0.5,-1,0.5,0.5,-1,0.5,-0,-0.5,0.5,0.5,-0.5],
    "uvs": [],
    "metadata": {
        "uvs": 0,
        "generator": "io_three",
        "normals": 12,
        "version": 3,
        "vertices": 19,
        "faces": 34,
        "type": "Geometry"
    }
}