{
    "name": "8Geometry",
    "normals": [-0.577349,0.577349,-0.577349,0.577349,-0.577349,-0.577349,-0.577349,-0.577349,-0.577349,0.577349,0.577349,-0.577349,0.577349,0.577349,0.577349,-0.577349,-0.577349,0.577349,0.577349,-0.577349,0.577349,-0.577349,0.577349,0.577349,0.904508,0.301492,0.301492,-0.904508,0.301492,0.301492],
    "faces": [32,0,1,2,0,1,2,32,1,0,3,1,0,3,32,4,5,6,4,5,6,32,5,4,7,5,4,7,32,1,4,6,1,4,6,32,4,1,8,4,1,8,32,8,1,9,8,1,4,32,9,1,3,4,1,3,32,4,10,7,4,9,7,32,10,4,8,9,4,8,32,9,0,11,4,0,7,32,0,9,3,0,4,3,32,9,10,8,4,9,8,32,10,9,11,9,4,7,32,1,5,2,1,5,2,32,5,1,6,5,1,6,32,0,10,11,0,9,7,32,10,5,7,9,5,7,32,5,10,2,5,9,2,32,2,10,0,2,9,0],
    "vertices": [0,1,-1,0.5,-0,-1,0,-0,-1,0.5,1,-1,0.5,0.5,-0,0,0,0,0.5,0,0,0,0.5,-0,0.5,0.5,-0.5,0.5,1,-0.5,0,0.5,-0.5,0,1,-0.5],
    "uvs": [],
    "metadata": {
        "uvs": 0,
        "generator": "io_three",
        "normals": 10,
        "version": 3,
        "vertices": 12,
        "faces": 20,
        "type": "Geometry"
    }
}